from,to,dndsvalue,root_from,superkingdom_from,phylum_from,class_from,order_from,family_from,genus_from,species_from,root_to,superkingdom_to,phylum_to,class_to,order_to,family_to,genus_to,species_to
GCA_002084865.1,GCA_003527405.1,1.44340034942601,Root,Bacteria,Atribacterota,JS1,SB-45,34-128,34-128,34-128 sp002084865,Root,Bacteria,Atribacterota,JS1,SB-45,34-128,34-128,34-128 sp003527405
GCA_000405345.1,GCA_000405605.1,1.94088210998487,Root,Bacteria,Atribacterota,JS1,SB-45,34-128,34-128,34-128 sp000405345,Root,Bacteria,Atribacterota,JS1,SB-45,34-128,34-128,34-128 sp000405605
GCA_021817185.1,GCA_021802115.1,1.09557495233266,Root,Bacteria,Dormibacterota,Dormibacteria,UBA8260,Bog-877,AG-12,AG-12 sp021817185,Root,Bacteria,Dormibacterota,Dormibacteria,UBA8260,Bog-877,AG-12,AG-12 sp021802115
GCA_021817185.1,GCA_021791345.1,1.07430053065404,Root,Bacteria,Dormibacterota,Dormibacteria,UBA8260,Bog-877,AG-12,AG-12 sp021817185,Root,Bacteria,Dormibacterota,Dormibacteria,UBA8260,Bog-877,AG-12,AG-12 sp021791345
GCA_021841985.1,GCA_021851785.1,1.07603506612582,Root,Bacteria,Pseudomonadota,Alphaproteobacteria,Acetobacterales,Acetobacteraceae,Acidibrevibacterium,Acidibrevibacterium sp021841985,Root,Bacteria,Pseudomonadota,Alphaproteobacteria,Acetobacterales,Acetobacteraceae,Acidibrevibacterium,Acidibrevibacterium sp021851785
GCA_021840785.1,GCF_018854775.1,22.8414341676891,Root,Bacteria,Pseudomonadota,Gammaproteobacteria,Acidithiobacillales,Acidithiobacillaceae,Acidithiobacillus,Acidithiobacillus sp021840785,Root,Bacteria,Pseudomonadota,Gammaproteobacteria,Acidithiobacillales,Acidithiobacillaceae,Acidithiobacillus,Acidithiobacillus ferriphilus
GCA_021826425.1,GCA_021808205.1,1.43290761151404,Root,Bacteria,Pseudomonadota,Alphaproteobacteria,Acetobacterales,Acetobacteraceae,Acidocella,Acidocella sp021826425,Root,Bacteria,Pseudomonadota,Alphaproteobacteria,Acetobacterales,Acetobacteraceae,Acidocella,Acidocella sp021808205
GCA_021831025.1,GCA_021794335.1,1.25265151191019,Root,Bacteria,SZUA-79,SZUA-79,Acidulodesulfobacterales,Acidulodesulfobacteraceae,Acidulodesulfobacterium,Acidulodesulfobacterium sp021831025,Root,Bacteria,SZUA-79,SZUA-79,Acidulodesulfobacterales,Acidulodesulfobacteraceae,Acidulodesulfobacterium,Acidulodesulfobacterium sp021794335
GCF_013460135.1,GCF_902713415.1,1.05142740206109,Root,Bacteria,Pseudomonadota,Gammaproteobacteria,Enterobacterales,Enterobacteriaceae,Arsenophonus,Arsenophonus sp000757905,Root,Bacteria,Pseudomonadota,Gammaproteobacteria,Enterobacterales,Enterobacteriaceae,Arsenophonus,Arsenophonus sp902713415
GCA_023271485.1,GCA_023271515.1,1.12610057672856,Root,Bacteria,Chloroflexota,Dehalococcoidia,SZUA-161,SpSt-899,BS503,BS503 sp023271485,Root,Bacteria,Chloroflexota,Dehalococcoidia,SZUA-161,SpSt-899,BS503,BS503 sp023271515
GCA_023271215.1,GCA_023271485.1,1.24937112149802,Root,Bacteria,Chloroflexota,Dehalococcoidia,SZUA-161,SpSt-899,BS503,BS503 sp023271215,Root,Bacteria,Chloroflexota,Dehalococcoidia,SZUA-161,SpSt-899,BS503,BS503 sp023271485
GCA_023271215.1,GCA_023271515.1,1.41001198354434,Root,Bacteria,Chloroflexota,Dehalococcoidia,SZUA-161,SpSt-899,BS503,BS503 sp023271215,Root,Bacteria,Chloroflexota,Dehalococcoidia,SZUA-161,SpSt-899,BS503,BS503 sp023271515
GCA_003520315.1,GCA_018433265.1,1.01218414450487,Root,Bacteria,Bacteroidota,Bacteroidia,Bacteroidales,UBA932,Bact-08,Bact-08 sp003520315,Root,Bacteria,Bacteroidota,Bacteroidia,Bacteroidales,UBA932,Bact-08,Bact-08 sp018433265
GCA_003139855.1,GCA_003158275.1,1.46461493349997,Root,Archaea,Halobacteriota,Bog-38,Bog-38,Bog-38,Bog-38,Bog-38 sp003139855,Root,Archaea,Halobacteriota,Bog-38,Bog-38,Bog-38,Bog-38,Bog-38 sp003158275
GCA_016777745.1,GCA_905182145.1,2.34629221064583,Root,Bacteria,Pseudomonadota,Alphaproteobacteria,Pelagibacterales,AG-422-B15,CACCCN01,CACCCN01 sp016777745,Root,Bacteria,Pseudomonadota,Alphaproteobacteria,Pelagibacterales,AG-422-B15,CACCCN01,CACCCN01 sp905182145
GCA_902530595.1,GCA_902581005.1,1.48112555251787,Root,Bacteria,Pseudomonadota,Alphaproteobacteria,Rhodobacterales,Rhodobacteraceae,CACIJG01,CACIJG01 sp902530595,Root,Bacteria,Pseudomonadota,Alphaproteobacteria,Rhodobacterales,Rhodobacteraceae,CACIJG01,CACIJG01 sp902581005
GCA_021846065.1,GCA_021804655.1,1.00192769192692,Root,Bacteria,Acidobacteriota,Terriglobia,Terriglobales,Acidobacteriaceae,CAIVDV01,CAIVDV01 sp021846065,Root,Bacteria,Acidobacteriota,Terriglobia,Terriglobales,Acidobacteriaceae,CAIVDV01,CAIVDV01 sp021804655
GCA_021806345.1,GCA_021833045.1,1.12495896047913,Root,Archaea,Thermoplasmatota,Thermoplasmata,Thermoplasmatales,Thermoplasmataceae,Cuniculiplasma,Cuniculiplasma sp021806345,Root,Archaea,Thermoplasmatota,Thermoplasmata,Thermoplasmatales,Thermoplasmataceae,Cuniculiplasma,Cuniculiplasma sp021833045
GCA_021833045.1,GCA_021835265.1,2.67329478302698,Root,Archaea,Thermoplasmatota,Thermoplasmata,Thermoplasmatales,Thermoplasmataceae,Cuniculiplasma,Cuniculiplasma sp021833045,Root,Archaea,Thermoplasmatota,Thermoplasmata,Thermoplasmatales,Thermoplasmataceae,Cuniculiplasma,Cuniculiplasma sp021835265
GCA_021816385.1,GCA_021819225.1,1.88072771289994,Root,Archaea,Thermoplasmatota,Thermoplasmata,Thermoplasmatales,Thermoplasmataceae,Cuniculiplasma,Cuniculiplasma sp021816385,Root,Archaea,Thermoplasmatota,Thermoplasmata,Thermoplasmatales,Thermoplasmataceae,Cuniculiplasma,Cuniculiplasma sp021819225
GCF_900083515.1,GCA_021833045.1,1.66291051591964,Root,Archaea,Thermoplasmatota,Thermoplasmata,Thermoplasmatales,Thermoplasmataceae,Cuniculiplasma,Cuniculiplasma divulgatum,Root,Archaea,Thermoplasmatota,Thermoplasmata,Thermoplasmatales,Thermoplasmataceae,Cuniculiplasma,Cuniculiplasma sp021833045
GCF_900083515.1,GCA_021835265.1,1.67524781185575,Root,Archaea,Thermoplasmatota,Thermoplasmata,Thermoplasmatales,Thermoplasmataceae,Cuniculiplasma,Cuniculiplasma divulgatum,Root,Archaea,Thermoplasmatota,Thermoplasmata,Thermoplasmatales,Thermoplasmataceae,Cuniculiplasma,Cuniculiplasma sp021835265
GCA_021835265.1,GCA_023489425.1,1.01321476215125,Root,Archaea,Thermoplasmatota,Thermoplasmata,Thermoplasmatales,Thermoplasmataceae,Cuniculiplasma,Cuniculiplasma sp021835265,Root,Archaea,Thermoplasmatota,Thermoplasmata,Thermoplasmatales,Thermoplasmataceae,Cuniculiplasma,Cuniculiplasma sp023489425
GCA_021816965.1,GCA_021816385.1,1.11599977001678,Root,Archaea,Thermoplasmatota,Thermoplasmata,Thermoplasmatales,Thermoplasmataceae,Cuniculiplasma,Cuniculiplasma sp021816965,Root,Archaea,Thermoplasmatota,Thermoplasmata,Thermoplasmatales,Thermoplasmataceae,Cuniculiplasma,Cuniculiplasma sp021816385
GCA_021816965.1,GCA_021833045.1,1.52937753508947,Root,Archaea,Thermoplasmatota,Thermoplasmata,Thermoplasmatales,Thermoplasmataceae,Cuniculiplasma,Cuniculiplasma sp021816965,Root,Archaea,Thermoplasmatota,Thermoplasmata,Thermoplasmatales,Thermoplasmataceae,Cuniculiplasma,Cuniculiplasma sp021833045
GCA_023381355.1,GCA_021819225.1,5.12899233402779,Root,Archaea,Thermoplasmatota,Thermoplasmata,Thermoplasmatales,Thermoplasmataceae,Cuniculiplasma,Cuniculiplasma sp023381355,Root,Archaea,Thermoplasmatota,Thermoplasmata,Thermoplasmatales,Thermoplasmataceae,Cuniculiplasma,Cuniculiplasma sp021819225
GCF_014297285.1,GCA_019417795.1,1.09284700809184,Root,Bacteria,Bacillota_A,Clostridia,Oscillospirales,Oscillospiraceae,Dysosmobacter,Dysosmobacter sp001916835,Root,Bacteria,Bacillota_A,Clostridia,Oscillospirales,Oscillospiraceae,Dysosmobacter,Dysosmobacter sp019417795
GCA_023484185.1,GCA_021812905.1,2.2819053813906,Root,Bacteria,Chloroflexota,Anaerolineae,Anaerolineales,EnvOPS12,Fen-1038,Fen-1038 sp023484185,Root,Bacteria,Chloroflexota,Anaerolineae,Anaerolineales,EnvOPS12,Fen-1038,Fen-1038 sp021812905
GCA_021835185.1,GCA_021846695.1,1.08071793656565,Root,Archaea,Thermoplasmatota,Thermoplasmata,Thermoplasmatales,Thermoplasmataceae,Ferroplasma,Ferroplasma sp021835185,Root,Archaea,Thermoplasmatota,Thermoplasmata,Thermoplasmatales,Thermoplasmataceae,Ferroplasma,Ferroplasma sp021846695
GCA_021835185.1,GCA_021802165.1,1.01968838855033,Root,Archaea,Thermoplasmatota,Thermoplasmata,Thermoplasmatales,Thermoplasmataceae,Ferroplasma,Ferroplasma sp021835185,Root,Archaea,Thermoplasmatota,Thermoplasmata,Thermoplasmatales,Thermoplasmataceae,Ferroplasma,Ferroplasma sp021802165
GCA_021797225.1,GCA_021797385.1,1.53546081566967,Root,Archaea,Thermoplasmatota,Thermoplasmata,Thermoplasmatales,Thermoplasmataceae,Ferroplasma,Ferroplasma sp021797225,Root,Archaea,Thermoplasmatota,Thermoplasmata,Thermoplasmatales,Thermoplasmataceae,Ferroplasma,Ferroplasma sp021797385
GCA_000496135.1,GCA_021845325.1,1.3508005620575,Root,Archaea,Thermoplasmatota,Thermoplasmata,Thermoplasmatales,Thermoplasmataceae,GCA-000496135,GCA-000496135 sp000496135,Root,Archaea,Thermoplasmatota,Thermoplasmata,Thermoplasmatales,Thermoplasmataceae,GCA-000496135,GCA-000496135 sp021845325
GCA_021806355.1,GCA_021827885.1,3.48139825860937,Root,Archaea,Thermoplasmatota,Thermoplasmata,Thermoplasmatales,Thermoplasmataceae,GCA-000496135,GCA-000496135 sp021806355,Root,Archaea,Thermoplasmatota,Thermoplasmata,Thermoplasmatales,Thermoplasmataceae,GCA-000496135,GCA-000496135 sp021827885
GCA_021809755.1,GCA_021790415.1,1.87624000655668,Root,Archaea,Thermoplasmatota,Thermoplasmata,Thermoplasmatales,Thermoplasmataceae,GCA-000496135,GCA-000496135 sp021809755,Root,Archaea,Thermoplasmatota,Thermoplasmata,Thermoplasmatales,Thermoplasmataceae,GCA-000496135,GCA-000496135 sp021790415
GCA_021793855.1,GCA_023379555.1,1.16806049875632,Root,Archaea,Thermoplasmatota,Thermoplasmata,Thermoplasmatales,GCA-001856825,GCA-001856825,GCA-001856825 sp021793855,Root,Archaea,Thermoplasmatota,Thermoplasmata,Thermoplasmatales,GCA-001856825,GCA-001856825,GCA-001856825 sp023379555
GCA_023379555.1,GCA_021797915.1,1.7288186053121,Root,Archaea,Thermoplasmatota,Thermoplasmata,Thermoplasmatales,GCA-001856825,GCA-001856825,GCA-001856825 sp023379555,Root,Archaea,Thermoplasmatota,Thermoplasmata,Thermoplasmatales,GCA-001856825,GCA-001856825,GCA-001856825 sp021797915
GCA_014323675.1,GCA_005518205.2,1.08221789484433,Root,Bacteria,Cyanobacteriota,Cyanobacteriia,Cyanobacteriales,Desertifilaceae,Hormoscilla,Hormoscilla sp014323675,Root,Bacteria,Cyanobacteriota,Cyanobacteriia,Cyanobacteriales,Desertifilaceae,Hormoscilla,Hormoscilla sp005518205
GCA_016783995.1,GCA_018894445.1,1.03379750668484,Root,Bacteria,Actinomycetota,Humimicrobiia,Humimicrobiales,Humimicrobiaceae,Hydromicrobium,Hydromicrobium sp016783995,Root,Bacteria,Actinomycetota,Humimicrobiia,Humimicrobiales,Humimicrobiaceae,Hydromicrobium,Hydromicrobium sp018894445
GCA_021780395.1,GCA_021808035.1,1.1215579780293,Root,Bacteria,Pseudomonadota,Gammaproteobacteria,Steroidobacterales,Steroidobacteraceae,JABEVI01,JABEVI01 sp021780395,Root,Bacteria,Pseudomonadota,Gammaproteobacteria,Steroidobacterales,Steroidobacteraceae,JABEVI01,JABEVI01 sp021808035
GCA_021785115.1,GCA_021788175.1,1.13434963505658,Root,Bacteria,Chloroflexota,Limnocylindria,Limnocylindrales,CSP1-4,JAJYNJ01,JAJYNJ01 sp021785115,Root,Bacteria,Chloroflexota,Limnocylindria,Limnocylindrales,CSP1-4,JAJYNJ01,JAJYNJ01 sp021788175
GCA_021777365.1,GCA_021788175.1,1.00729064631862,Root,Bacteria,Chloroflexota,Limnocylindria,Limnocylindrales,CSP1-4,JAJYNJ01,JAJYNJ01 sp021777365,Root,Bacteria,Chloroflexota,Limnocylindria,Limnocylindrales,CSP1-4,JAJYNJ01,JAJYNJ01 sp021788175
GCA_023380955.1,GCA_021845945.1,3.51886150585576,Root,Bacteria,Chloroflexota,UBA6077,UBA6077,UBA6077,JAJYNT01,JAJYNT01 sp023380955,Root,Bacteria,Chloroflexota,UBA6077,UBA6077,UBA6077,JAJYNT01,JAJYNT01 sp021845945
GCA_021800645.1,GCA_021787255.1,2.57767546034722,Root,Bacteria,Actinomycetota,Acidimicrobiia,Acidimicrobiales,RAAP-2,JAJYVT01,JAJYVT01 sp021800645,Root,Bacteria,Actinomycetota,Acidimicrobiia,Acidimicrobiales,RAAP-2,JAJYVT01,JAJYVT01 sp021787255
GCA_021800645.1,GCA_021801615.1,3.10900400385692,Root,Bacteria,Actinomycetota,Acidimicrobiia,Acidimicrobiales,RAAP-2,JAJYVT01,JAJYVT01 sp021800645,Root,Bacteria,Actinomycetota,Acidimicrobiia,Acidimicrobiales,RAAP-2,JAJYVT01,JAJYVT01 sp021801615
GCA_021800645.1,GCA_021791145.1,2.49622370932006,Root,Bacteria,Actinomycetota,Acidimicrobiia,Acidimicrobiales,RAAP-2,JAJYVT01,JAJYVT01 sp021800645,Root,Bacteria,Actinomycetota,Acidimicrobiia,Acidimicrobiales,RAAP-2,JAJYVT01,JAJYVT01 sp021791145
GCA_021785095.1,GCA_021803085.1,1.37763281048392,Root,Bacteria,Actinomycetota,Acidimicrobiia,Acidimicrobiales,RAAP-2,JAJYVT01,JAJYVT01 sp021785095,Root,Bacteria,Actinomycetota,Acidimicrobiia,Acidimicrobiales,RAAP-2,JAJYVT01,JAJYVT01 sp021803085
GCA_021850345.1,GCA_021810205.1,1.59209095937799,Root,Bacteria,Actinomycetota,Acidimicrobiia,Acidimicrobiales,RAAP-2,JAJYVT01,JAJYVT01 sp021850345,Root,Bacteria,Actinomycetota,Acidimicrobiia,Acidimicrobiales,RAAP-2,JAJYVT01,JAJYVT01 sp021810205
GCA_021787255.1,GCA_021801615.1,2.49678499012414,Root,Bacteria,Actinomycetota,Acidimicrobiia,Acidimicrobiales,RAAP-2,JAJYVT01,JAJYVT01 sp021787255,Root,Bacteria,Actinomycetota,Acidimicrobiia,Acidimicrobiales,RAAP-2,JAJYVT01,JAJYVT01 sp021801615
GCA_021791675.1,GCA_021790615.1,2.46202606232188,Root,Bacteria,Actinomycetota,Acidimicrobiia,Acidimicrobiales,JAKAOS01,JAJYWE01,JAJYWE01 sp021791675,Root,Bacteria,Actinomycetota,Acidimicrobiia,Acidimicrobiales,JAKAOS01,JAJYWE01,JAJYWE01 sp021790615
GCA_021828345.1,GCA_021851535.1,1.41533469722165,Root,Archaea,Micrarchaeota,Micrarchaeia,Micrarchaeales,Micrarchaeaceae,JAJZDT01,JAJZDT01 sp021828345,Root,Archaea,Micrarchaeota,Micrarchaeia,Micrarchaeales,Micrarchaeaceae,JAJZDT01,JAJZDT01 sp021851535
GCA_021803425.1,GCA_021851985.1,13.575415467595,Root,Archaea,Micrarchaeota,Micrarchaeia,Micrarchaeales,CABMGC01,JAJZNA01,JAJZNA01 sp021803425,Root,Archaea,Micrarchaeota,Micrarchaeia,Micrarchaeales,CABMGC01,JAJZNA01,JAJZNA01 sp021851985
GCA_021848095.1,GCA_021850955.1,1.88521725448178,Root,Archaea,Micrarchaeota,Micrarchaeia,Micrarchaeales,CABMGC01,JAJZOD01,JAJZOD01 sp021848095,Root,Archaea,Micrarchaeota,Micrarchaeia,Micrarchaeales,CABMGC01,JAJZOD01,JAJZOD01 sp021850955
GCA_021801225.1,GCA_021850955.1,1.13398742987443,Root,Archaea,Micrarchaeota,Micrarchaeia,Micrarchaeales,CABMGC01,JAJZOD01,JAJZOD01 sp021801225,Root,Archaea,Micrarchaeota,Micrarchaeia,Micrarchaeales,CABMGC01,JAJZOD01,JAJZOD01 sp021850955
GCA_021811525.1,GCA_021850745.1,1.02705089533093,Root,Archaea,Thermoplasmatota,Thermoplasmata,Thermoplasmatales,Thermoplasmataceae,JAJZOM01,JAJZOM01 sp021811525,Root,Archaea,Thermoplasmatota,Thermoplasmata,Thermoplasmatales,Thermoplasmataceae,JAJZOM01,JAJZOM01 sp021850745
GCA_021811505.1,GCA_023488885.1,1.19196516729575,Root,Archaea,Thermoplasmatota,Thermoplasmata,Thermoplasmatales,Thermoplasmataceae,JAJZOM01,JAJZOM01 sp021811505,Root,Archaea,Thermoplasmatota,Thermoplasmata,Thermoplasmatales,Thermoplasmataceae,JAJZOM01,JAJZOM01 sp023488885
GCA_021817455.1,GCA_021850745.1,1.11113465833889,Root,Archaea,Thermoplasmatota,Thermoplasmata,Thermoplasmatales,Thermoplasmataceae,JAJZOM01,JAJZOM01 sp021817455,Root,Archaea,Thermoplasmatota,Thermoplasmata,Thermoplasmatales,Thermoplasmataceae,JAJZOM01,JAJZOM01 sp021850745
GCA_021850745.1,GCA_021850835.1,2.19056939160356,Root,Archaea,Thermoplasmatota,Thermoplasmata,Thermoplasmatales,Thermoplasmataceae,JAJZOM01,JAJZOM01 sp021850745,Root,Archaea,Thermoplasmatota,Thermoplasmata,Thermoplasmatales,Thermoplasmataceae,JAJZOM01,JAJZOM01 sp021850835
GCA_021850545.1,GCA_021850745.1,2.343618577171,Root,Archaea,Thermoplasmatota,Thermoplasmata,Thermoplasmatales,Thermoplasmataceae,JAJZOM01,JAJZOM01 sp021850545,Root,Archaea,Thermoplasmatota,Thermoplasmata,Thermoplasmatales,Thermoplasmataceae,JAJZOM01,JAJZOM01 sp021850745
GCA_021820245.1,GCA_021847855.1,3.02780478384874,Root,Archaea,Thermoplasmatota,Thermoplasmata,Thermoplasmatales,Thermoplasmataceae,JAJZOT01,JAJZOT01 sp021820245,Root,Archaea,Thermoplasmatota,Thermoplasmata,Thermoplasmatales,Thermoplasmataceae,JAJZOT01,JAJZOT01 sp021847855
GCA_021845155.1,GCA_021847855.1,1.2384992288768,Root,Archaea,Thermoplasmatota,Thermoplasmata,Thermoplasmatales,Thermoplasmataceae,JAJZOT01,JAJZOT01 sp021845155,Root,Archaea,Thermoplasmatota,Thermoplasmata,Thermoplasmatales,Thermoplasmataceae,JAJZOT01,JAJZOT01 sp021847855
GCA_021787365.1,GCA_021798075.1,1.18986445172984,Root,Bacteria,Actinomycetota,Acidimicrobiia,Acidimicrobiales,Palsa-688,JAJZYO01,JAJZYO01 sp021787365,Root,Bacteria,Actinomycetota,Acidimicrobiia,Acidimicrobiales,Palsa-688,JAJZYO01,JAJZYO01 sp021798075
GCA_021805955.1,GCA_021798735.1,1.64417567709164,Root,Bacteria,Acidobacteriota,Terriglobia,Terriglobales,Acidobacteriaceae,JAKAAZ01,JAKAAZ01 sp021805955,Root,Bacteria,Acidobacteriota,Terriglobia,Terriglobales,Acidobacteriaceae,JAKAAZ01,JAKAAZ01 sp021798735
GCA_021812785.1,GCA_021813765.1,1.01552627981819,Root,Bacteria,Nitrospirota,Thermodesulfovibrionia,Thermodesulfovibrionales,JdFR-88,JAKAEG01,JAKAEG01 sp021812785,Root,Bacteria,Nitrospirota,Thermodesulfovibrionia,Thermodesulfovibrionales,JdFR-88,JAKAEG01,JAKAEG01 sp021813765
GCA_021840255.1,GCA_021812785.1,1.32791726220563,Root,Bacteria,Nitrospirota,Thermodesulfovibrionia,Thermodesulfovibrionales,JdFR-88,JAKAEG01,JAKAEG01 sp021840255,Root,Bacteria,Nitrospirota,Thermodesulfovibrionia,Thermodesulfovibrionales,JdFR-88,JAKAEG01,JAKAEG01 sp021812785
GCA_021825785.1,GCA_021840255.1,2.83253025495193,Root,Bacteria,Nitrospirota,Thermodesulfovibrionia,Thermodesulfovibrionales,JdFR-88,JAKAEG01,JAKAEG01 sp021825785,Root,Bacteria,Nitrospirota,Thermodesulfovibrionia,Thermodesulfovibrionales,JdFR-88,JAKAEG01,JAKAEG01 sp021840255
GCA_021825785.1,GCA_021812785.1,1.56823344273025,Root,Bacteria,Nitrospirota,Thermodesulfovibrionia,Thermodesulfovibrionales,JdFR-88,JAKAEG01,JAKAEG01 sp021825785,Root,Bacteria,Nitrospirota,Thermodesulfovibrionia,Thermodesulfovibrionales,JdFR-88,JAKAEG01,JAKAEG01 sp021812785
GCA_021799755.1,GCA_021785735.1,1.57820133635245,Root,Archaea,Thermoplasmatota,Thermoplasmata,Thermoplasmatales,Thermoplasmataceae,JAKAFX01,JAKAFX01 sp021799755,Root,Archaea,Thermoplasmatota,Thermoplasmata,Thermoplasmatales,Thermoplasmataceae,JAKAFX01,JAKAFX01 sp021785735
GCA_021794075.1,GCA_021796055.1,1.43446092793042,Root,Bacteria,Bacteroidota,Kryptonia,Kryptoniales,JAKASW01,JAKASW01,JAKASW01 sp021794075,Root,Bacteria,Bacteroidota,Kryptonia,Kryptoniales,JAKASW01,JAKASW01,JAKASW01 sp021796055
GCA_021825585.1,GCA_021796055.1,1.07409251658152,Root,Bacteria,Bacteroidota,Kryptonia,Kryptoniales,JAKASW01,JAKASW01,JAKASW01 sp021825585,Root,Bacteria,Bacteroidota,Kryptonia,Kryptoniales,JAKASW01,JAKASW01,JAKASW01 sp021796055
GCA_021793035.1,GCA_023474385.1,1.82686901019565,Root,Archaea,Micrarchaeota,Micrarchaeia,Micrarchaeales,Micrarchaeaceae,JAMCYB01,JAMCYB01 sp021793035,Root,Archaea,Micrarchaeota,Micrarchaeia,Micrarchaeales,Micrarchaeaceae,JAMCYB01,JAMCYB01 sp023474385
GCA_023381515.1,GCA_023489485.1,2.0890326709297,Root,Bacteria,Chloroflexota,Anaerolineae,UBA4142,UBA4142,JAMDCU01,JAMDCU01 sp023381515,Root,Bacteria,Chloroflexota,Anaerolineae,UBA4142,UBA4142,JAMDCU01,JAMDCU01 sp023489485
GCA_021826605.1,GCA_021808105.1,1.18500200676541,Root,Bacteria,Planctomycetota,Phycisphaerae,WQYP01,WQYP01,JAMDCX01,JAMDCX01 sp021826605,Root,Bacteria,Planctomycetota,Phycisphaerae,WQYP01,WQYP01,JAMDCX01,JAMDCX01 sp021808105
GCA_023380915.1,GCA_023488645.1,4.02309379942462,Root,Bacteria,Actinomycetota,Humimicrobiia,Humimicrobiales,Humimicrobiaceae,JAMDDL01,JAMDDL01 sp023380915,Root,Bacteria,Actinomycetota,Humimicrobiia,Humimicrobiales,Humimicrobiaceae,JAMDDL01,JAMDDL01 sp023488645
GCA_021844645.1,GCA_021829515.1,1.64774009941981,Root,Bacteria,Nitrospirota_A,Leptospirillia,Leptospirillales,Leptospirillaceae,Leptospirillum,Leptospirillum sp021844645,Root,Bacteria,Nitrospirota_A,Leptospirillia,Leptospirillales,Leptospirillaceae,Leptospirillum,Leptospirillum sp021829515
GCA_017646885.1,GCA_017652345.1,3.12416864407282,Root,Archaea,Methanobacteriota,Methanobacteria,Methanobacteriales,Methanobacteriaceae,Methanobrevibacter,Methanobrevibacter sp017646885,Root,Archaea,Methanobacteriota,Methanobacteria,Methanobacteriales,Methanobacteriaceae,Methanobrevibacter,Methanobrevibacter sp017652345
GCA_003483675.1,GCA_003542015.1,1.11714870729433,Root,Bacteria,Cyanobacteriota,Cyanobacteriia,Cyanobacteriales,Microcoleaceae,Microcoleus,Microcoleus sp003483675,Root,Bacteria,Cyanobacteriota,Cyanobacteriia,Cyanobacteriales,Microcoleaceae,Microcoleus,Microcoleus sp003542015
GCF_003315235.1,GCA_923184405.1,8.86614243889757,Root,Bacteria,Pseudomonadota,Gammaproteobacteria,Burkholderiales,Neisseriaceae,Neisseria,Neisseria gonorrhoeae,Root,Bacteria,Pseudomonadota,Gammaproteobacteria,Burkholderiales,Neisseriaceae,Neisseria,Neisseria meningitidis_C
GCA_923184405.1,GCF_901482445.1,2.5748548240437,Root,Bacteria,Pseudomonadota,Gammaproteobacteria,Burkholderiales,Neisseriaceae,Neisseria,Neisseria meningitidis_C,Root,Bacteria,Pseudomonadota,Gammaproteobacteria,Burkholderiales,Neisseriaceae,Neisseria,Neisseria lactamica
GCA_923184405.1,GCA_943181435.1,1.72716533822692,Root,Bacteria,Pseudomonadota,Gammaproteobacteria,Burkholderiales,Neisseriaceae,Neisseria,Neisseria meningitidis_C,Root,Bacteria,Pseudomonadota,Gammaproteobacteria,Burkholderiales,Neisseriaceae,Neisseria,Neisseria sp943181435
GCA_000176735.1,GCA_923184405.1,4.37679909765744,Root,Bacteria,Pseudomonadota,Gammaproteobacteria,Burkholderiales,Neisseriaceae,Neisseria,Neisseria polysaccharea,Root,Bacteria,Pseudomonadota,Gammaproteobacteria,Burkholderiales,Neisseriaceae,Neisseria,Neisseria meningitidis_C
GCA_003044455.1,GCA_923184405.1,2.81057198857632,Root,Bacteria,Pseudomonadota,Gammaproteobacteria,Burkholderiales,Neisseriaceae,Neisseria,Neisseria bergeri,Root,Bacteria,Pseudomonadota,Gammaproteobacteria,Burkholderiales,Neisseriaceae,Neisseria,Neisseria meningitidis_C
GCA_000193795.2,GCA_923184405.1,1.7214293161938,Root,Bacteria,Pseudomonadota,Gammaproteobacteria,Burkholderiales,Neisseriaceae,Neisseria,Neisseria lactamica_A,Root,Bacteria,Pseudomonadota,Gammaproteobacteria,Burkholderiales,Neisseriaceae,Neisseria,Neisseria meningitidis_C
GCA_018691945.1,GCA_902512865.1,1.37285725894116,Root,Archaea,Thermoproteota,Nitrososphaeria,Nitrososphaerales,Nitrosopumilaceae,Nitrosopelagicus,Nitrosopelagicus sp018691945,Root,Archaea,Thermoproteota,Nitrososphaeria,Nitrososphaerales,Nitrosopumilaceae,Nitrosopelagicus,Nitrosopelagicus sp902512865
GCF_000012825.1,GCA_019414665.1,1.04262131019953,Root,Bacteria,Bacteroidota,Bacteroidia,Bacteroidales,Bacteroidaceae,Phocaeicola,Phocaeicola vulgatus,Root,Bacteria,Bacteroidota,Bacteroidia,Bacteroidales,Bacteroidaceae,Phocaeicola,Phocaeicola sp019414665
GCA_019414665.1,GCA_019414725.1,1.19679245672156,Root,Bacteria,Bacteroidota,Bacteroidia,Bacteroidales,Bacteroidaceae,Phocaeicola,Phocaeicola sp019414665,Root,Bacteria,Bacteroidota,Bacteroidia,Bacteroidales,Bacteroidaceae,Phocaeicola,Phocaeicola sp019414725
GCF_000154845.1,GCA_019414665.1,1.16629618038663,Root,Bacteria,Bacteroidota,Bacteroidia,Bacteroidales,Bacteroidaceae,Phocaeicola,Phocaeicola coprocola,Root,Bacteria,Bacteroidota,Bacteroidia,Bacteroidales,Bacteroidaceae,Phocaeicola,Phocaeicola sp019414665
GCF_000154845.1,GCA_019414725.1,1.42258128950614,Root,Bacteria,Bacteroidota,Bacteroidia,Bacteroidales,Bacteroidaceae,Phocaeicola,Phocaeicola coprocola,Root,Bacteria,Bacteroidota,Bacteroidia,Bacteroidales,Bacteroidaceae,Phocaeicola,Phocaeicola sp019414725
GCA_900760795.1,GCA_019414665.1,1.2779354758281,Root,Bacteria,Bacteroidota,Bacteroidia,Bacteroidales,Bacteroidaceae,Phocaeicola,Phocaeicola sp900760795,Root,Bacteria,Bacteroidota,Bacteroidia,Bacteroidales,Bacteroidaceae,Phocaeicola,Phocaeicola sp019414665
GCA_002440225.1,GCA_002405875.1,1.03120907124704,Root,Bacteria,Bacteroidota,Bacteroidia,Bacteroidales,Bacteroidaceae,Prevotella,Prevotella sp002440225,Root,Bacteria,Bacteroidota,Bacteroidia,Bacteroidales,Bacteroidaceae,Prevotella,Prevotella sp002405875
GCA_021161765.1,GCA_003601795.1,1.23238313187935,Root,Archaea,Halobacteriota,Syntropharchaeia,ANME-1,ANME-1,QEXZ01,QEXZ01 sp021161765,Root,Archaea,Halobacteriota,Syntropharchaeia,ANME-1,ANME-1,QEXZ01,QEXZ01 sp003601795
GCA_021784205.1,GCA_021790675.1,1.61154744747095,Root,Bacteria,Actinomycetota,Acidimicrobiia,Acidimicrobiales,RAAP-2,RAAP-2,RAAP-2 sp021784205,Root,Bacteria,Actinomycetota,Acidimicrobiia,Acidimicrobiales,RAAP-2,RAAP-2,RAAP-2 sp021790675
GCA_021841725.1,GCA_021805305.1,1.17979310846048,Root,Bacteria,Actinomycetota,Acidimicrobiia,Acidimicrobiales,RAAP-2,RAAP-2,RAAP-2 sp021841725,Root,Bacteria,Actinomycetota,Acidimicrobiia,Acidimicrobiales,RAAP-2,RAAP-2,RAAP-2 sp021805305
GCA_021783385.1,GCA_021798675.1,1.39205038720961,Root,Bacteria,Pseudomonadota,Gammaproteobacteria,Xanthomonadales,Rhodanobacteraceae,Rhodanobacter,Rhodanobacter sp021783385,Root,Bacteria,Pseudomonadota,Gammaproteobacteria,Xanthomonadales,Rhodanobacteraceae,Rhodanobacter,Rhodanobacter sp021798675
GCA_021805685.1,GCA_021798675.1,1.60426990596681,Root,Bacteria,Pseudomonadota,Gammaproteobacteria,Xanthomonadales,Rhodanobacteraceae,Rhodanobacter,Rhodanobacter sp021805685,Root,Bacteria,Pseudomonadota,Gammaproteobacteria,Xanthomonadales,Rhodanobacteraceae,Rhodanobacter,Rhodanobacter sp021798675
GCA_900316555.1,GCF_016680995.1,1.69998115503192,Root,Bacteria,Bacillota_A,Clostridia,Oscillospirales,Acutalibacteraceae,Ruminococcus_E,Ruminococcus_E sp900316555,Root,Bacteria,Bacillota_A,Clostridia,Oscillospirales,Acutalibacteraceae,Ruminococcus_E,Ruminococcus_E sp016680995
GCA_000383735.1,GCA_905181965.1,2.11248477515205,Root,Bacteria,Verrucomicrobiota,Verrucomicrobiae,Verrucomicrobiales,Akkermansiaceae,SW10,SW10 sp000383735,Root,Bacteria,Verrucomicrobiota,Verrucomicrobiae,Verrucomicrobiales,Akkermansiaceae,SW10,SW10 sp905181965
GCF_001886855.1,GCF_005222125.1,1.38809865321752,Root,Bacteria,Bacillota,Bacilli,Mycoplasmatales,Mycoplasmataceae,Spiroplasma,Spiroplasma citri,Root,Bacteria,Bacillota,Bacilli,Mycoplasmatales,Mycoplasmataceae,Spiroplasma,Spiroplasma melliferum
GCF_001280125.1,GCA_007858575.1,1.42938619138863,Root,Bacteria,Actinomycetota,Actinomycetia,Streptomycetales,Streptomycetaceae,Streptomyces,Streptomyces sp001280125,Root,Bacteria,Actinomycetota,Actinomycetia,Streptomycetales,Streptomycetaceae,Streptomyces,Streptomyces sp003949805
GCA_000716465.1,GCA_007858575.1,1.34177148583962,Root,Bacteria,Actinomycetota,Actinomycetia,Streptomycetales,Streptomycetaceae,Streptomyces,Streptomyces bikiniensis,Root,Bacteria,Actinomycetota,Actinomycetia,Streptomycetales,Streptomycetaceae,Streptomyces,Streptomyces sp003949805
GCF_002005225.1,GCA_021502835.1,1.28110764807499,Root,Bacteria,Actinomycetota,Actinomycetia,Streptomycetales,Streptomycetaceae,Streptomyces,Streptomyces pactum_A,Root,Bacteria,Actinomycetota,Actinomycetia,Streptomycetales,Streptomycetaceae,Streptomyces,Streptomyces thinghirensis
GCA_023381095.1,GCA_023488565.1,2.45204778600562,Root,Bacteria,Bacillota_E,Sulfobacillia,Sulfobacillales,Sulfobacillaceae,Sulfobacillus_C,Sulfobacillus_C sp023381095,Root,Bacteria,Bacillota_E,Sulfobacillia,Sulfobacillales,Sulfobacillaceae,Sulfobacillus_C,Sulfobacillus_C sp023488565
GCA_021781495.1,GCA_021778875.1,1.3044179336739,Root,Bacteria,Acidobacteriota,Terriglobia,Terriglobales,Acidobacteriaceae,Terracidiphilus,Terracidiphilus sp021781495,Root,Bacteria,Acidobacteriota,Terriglobia,Terriglobales,Acidobacteriaceae,Terracidiphilus,Terracidiphilus sp021778875
GCA_021799405.1,GCA_021811745.1,1.24528126091423,Root,Bacteria,Acidobacteriota,Terriglobia,Terriglobales,Acidobacteriaceae,Terracidiphilus,Terracidiphilus sp021799405,Root,Bacteria,Acidobacteriota,Terriglobia,Terriglobales,Acidobacteriaceae,Terracidiphilus,Terracidiphilus sp021811745
GCA_021846945.1,GCA_021799405.1,2.51166171214728,Root,Bacteria,Acidobacteriota,Terriglobia,Terriglobales,Acidobacteriaceae,Terracidiphilus,Terracidiphilus sp021846945,Root,Bacteria,Acidobacteriota,Terriglobia,Terriglobales,Acidobacteriaceae,Terracidiphilus,Terracidiphilus sp021799405
GCA_021846945.1,GCA_021811745.1,1.07261455273709,Root,Bacteria,Acidobacteriota,Terriglobia,Terriglobales,Acidobacteriaceae,Terracidiphilus,Terracidiphilus sp021846945,Root,Bacteria,Acidobacteriota,Terriglobia,Terriglobales,Acidobacteriaceae,Terracidiphilus,Terracidiphilus sp021811745
GCA_021811745.1,GCA_021801945.1,1.54708097025711,Root,Bacteria,Acidobacteriota,Terriglobia,Terriglobales,Acidobacteriaceae,Terracidiphilus,Terracidiphilus sp021811745,Root,Bacteria,Acidobacteriota,Terriglobia,Terriglobales,Acidobacteriaceae,Terracidiphilus,Terracidiphilus sp021801945
GCA_021781255.1,GCA_021778875.1,1.06733039919832,Root,Bacteria,Acidobacteriota,Terriglobia,Terriglobales,Acidobacteriaceae,Terracidiphilus,Terracidiphilus sp021781255,Root,Bacteria,Acidobacteriota,Terriglobia,Terriglobales,Acidobacteriaceae,Terracidiphilus,Terracidiphilus sp021778875
GCA_023475455.1,GCA_021791235.1,1.9011597871435,Root,Bacteria,Pseudomonadota,Gammaproteobacteria,Burkholderiales,Thiobacillaceae,Thiobacillus,Thiobacillus sp023475455,Root,Bacteria,Pseudomonadota,Gammaproteobacteria,Burkholderiales,Thiobacillaceae,Thiobacillus,Thiobacillus sp021791235
GCA_905478895.1,GCA_016777435.1,1.02100920772433,Root,Bacteria,Bacteroidota,Bacteroidia,Flavobacteriales,UA16,UA16,UA16 sp905478895,Root,Bacteria,Bacteroidota,Bacteroidia,Flavobacteriales,UA16,UA16,UA16 sp016777435
GCA_002730735.1,GCA_002720285.1,1.72825619463104,Root,Bacteria,Acidobacteriota,Vicinamibacteria,Vicinamibacterales,UBA823,UBA11600,UBA11600 sp002730735,Root,Bacteria,Acidobacteriota,Vicinamibacteria,Vicinamibacterales,UBA823,UBA11600,UBA11600 sp002720285
GCA_021819105.1,GCA_021788415.1,1.00601103740475,Root,Archaea,Thermoproteota,Nitrososphaeria,Nitrososphaerales,UBA183,UBA183,UBA183 sp021819105,Root,Archaea,Thermoproteota,Nitrososphaeria,Nitrososphaerales,UBA183,UBA183,UBA183 sp021788415
GCA_021827865.1,GCA_021811485.1,1.54314046226834,Root,Archaea,Thermoproteota,Nitrososphaeria,Nitrososphaerales,UBA183,UBA183,UBA183 sp021827865,Root,Archaea,Thermoproteota,Nitrososphaeria,Nitrososphaerales,UBA183,UBA183,UBA183 sp021811485
GCA_021827865.1,GCA_021788415.1,1.49679782256074,Root,Archaea,Thermoproteota,Nitrososphaeria,Nitrososphaerales,UBA183,UBA183,UBA183 sp021827865,Root,Archaea,Thermoproteota,Nitrososphaeria,Nitrososphaerales,UBA183,UBA183,UBA183 sp021788415
GCA_021807225.1,GCA_021788415.1,1.01442022992717,Root,Archaea,Thermoproteota,Nitrososphaeria,Nitrososphaerales,UBA183,UBA183,UBA183 sp021807225,Root,Archaea,Thermoproteota,Nitrososphaeria,Nitrososphaerales,UBA183,UBA183,UBA183 sp021788415
GCA_021796515.1,GCA_021811485.1,1.31621433599027,Root,Archaea,Thermoproteota,Nitrososphaeria,Nitrososphaerales,UBA183,UBA183,UBA183 sp021796515,Root,Archaea,Thermoproteota,Nitrososphaeria,Nitrososphaerales,UBA183,UBA183,UBA183 sp021811485
GCA_021811485.1,GCA_021788415.1,1.4232424847376,Root,Archaea,Thermoproteota,Nitrososphaeria,Nitrososphaerales,UBA183,UBA183,UBA183 sp021811485,Root,Archaea,Thermoproteota,Nitrososphaeria,Nitrososphaerales,UBA183,UBA183,UBA183 sp021788415
GCA_021827545.1,GCA_021817245.1,3.61647593094765,Root,Archaea,Thermoplasmatota,Thermoplasmata,UBA184,UBA184,UBA184,UBA184 sp021827545,Root,Archaea,Thermoplasmatota,Thermoplasmata,UBA184,UBA184,UBA184,UBA184 sp021817245
GCA_021826525.1,GCA_021826685.1,4.85300458613712,Root,Archaea,Thermoplasmatota,Thermoplasmata,UBA184,UBA184,UBA184,UBA184 sp021826525,Root,Archaea,Thermoplasmatota,Thermoplasmata,UBA184,UBA184,UBA184,UBA184 sp021826685
GCA_021816865.1,GCA_021827545.1,1.21606665283579,Root,Archaea,Thermoplasmatota,Thermoplasmata,UBA184,UBA184,UBA184,UBA184 sp021816865,Root,Archaea,Thermoplasmatota,Thermoplasmata,UBA184,UBA184,UBA184,UBA184 sp021827545
GCA_021816955.1,GCA_021827545.1,1.97701870888814,Root,Archaea,Thermoplasmatota,Thermoplasmata,UBA184,UBA184,UBA184,UBA184 sp021816955,Root,Archaea,Thermoplasmatota,Thermoplasmata,UBA184,UBA184,UBA184,UBA184 sp021827545
GCA_002727395.1,GCA_002348425.1,4.99838058014643,Root,Bacteria,Pseudomonadota,Alphaproteobacteria,MPNO01,UBA2964,UBA2964,UBA2964 sp002727395,Root,Bacteria,Pseudomonadota,Alphaproteobacteria,MPNO01,UBA2964,UBA2964,UBA2964 sp002348425
GCA_009392775.1,GCA_002716645.1,3.48631630013998,Root,Bacteria,Chloroflexota,Dehalococcoidia,UBA3495,UBA3495,UBA3495,UBA3495 sp009392775,Root,Bacteria,Chloroflexota,Dehalococcoidia,UBA3495,UBA3495,UBA3495,UBA3495 sp002716645
GCA_021797525.1,GCA_021804185.1,1.02208454811483,Root,Archaea,Thermoplasmatota,Thermoplasmata,Thermoplasmatales,Thermoplasmataceae,UBA447,UBA447 sp021797525,Root,Archaea,Thermoplasmatota,Thermoplasmata,Thermoplasmatales,Thermoplasmataceae,UBA447,UBA447 sp021804185
GCA_021820445.1,GCA_021802325.1,2.55733301219695,Root,Bacteria,Nitrospirota_A,Leptospirillia,Leptospirillales,Leptospirillaceae,UBA4572,UBA4572 sp021820445,Root,Bacteria,Nitrospirota_A,Leptospirillia,Leptospirillales,Leptospirillaceae,UBA4572,UBA4572 sp021802325
GCA_021780415.1,GCA_021778845.1,1.32416597926555,Root,Bacteria,Acidobacteriota,Terriglobia,Terriglobales,Acidobacteriaceae,UBA5172,UBA5172 sp021780415,Root,Bacteria,Acidobacteriota,Terriglobia,Terriglobales,Acidobacteriaceae,UBA5172,UBA5172 sp021778845
GCA_913041275.1,GCA_902516225.1,1.64246929393525,Root,Bacteria,Verrucomicrobiota,Verrucomicrobiae,Opitutales,DSM-45221,UBA7441,UBA7441 sp913041275,Root,Bacteria,Verrucomicrobiota,Verrucomicrobiae,Opitutales,DSM-45221,UBA7441,UBA7441 sp902516225
GCA_003509065.1,GCA_002696705.1,7.82092222761832,Root,Bacteria,Acidobacteriota,Vicinamibacteria,Vicinamibacterales,UBA823,UBA8106,UBA8106 sp003509065,Root,Bacteria,Acidobacteriota,Vicinamibacteria,Vicinamibacterales,UBA823,UBA8106,UBA8106 sp002696705
GCA_002731735.1,GCA_002712565.1,4.82913342661633,Root,Bacteria,Gemmatimonadota,Gemmatimonadetes,Longimicrobiales,UBA6960,UBA822,UBA822 sp002731735,Root,Bacteria,Gemmatimonadota,Gemmatimonadetes,Longimicrobiales,UBA6960,UBA822,UBA822 sp002712565
GCA_900769635.1,GCA_900557675.1,2.38745815035821,Root,Bacteria,Bacillota,Bacilli,RF39,UBA660,UMGS2068,UMGS2068 sp900769635,Root,Bacteria,Bacillota,Bacilli,RF39,UBA660,UMGS2068,UMGS2068 sp900557675
GCA_009618475.1,GCA_016782355.1,1.07313839504733,Root,Archaea,Halobacteriota,Syntropharchaeia,ANME-1,ANME-1,WJOV01,WJOV01 sp009618475,Root,Archaea,Halobacteriota,Syntropharchaeia,ANME-1,ANME-1,WJOV01,WJOV01 sp016782355
